Voornaam;Achternaam;DagBudget
John;Doe;12
Jane;Smith;45
Robert;Johnson;33
Emily;Jones;9
Michael;Davis;24
Emma;Miller;56
William;Anderson;18
Olivia;Wilson;27
Daniel;Taylor;40
Sophia;Moore;14
Matthew;Brown;32
Ava;Evans;51
James;Hall;22
Isabella;Wright;37
David;Clark;15
Mia;Walker;49
Joseph;Young;30
Abigail;King;11
Alexander;Lee;44
Ella;Gonzalez;21
Christopher;Hill;38
Grace;Turner;26
Jackson;Cooper;53
Avery;Perez;17
Evelyn;Baker;35
Logan;Garcia;8
Scarlett;Fisher;42
Benjamin;Ward;29
Lily;Lopez;48
Lucas;Kelly;19
Aria;Bell;34
Henry;Rogers;10
Amelia;Murphy;47
Sebastian;Foster;31
Harper;Barnes;23
Matthew;Reed;39
Aria;Morales;13
Oliver;Bennett;50
Grace;Ramirez;16
Leo;Harrison;28
Chloe;Perry;41
Ethan;Long;20
Sophia;Diaz;55
Daniel;Hudson;25
Ava;Cruz;36
Liam;Martin;7
Harper;Simmons;46
Ella;Warren;33
Logan;Price;54
Charlotte;Mitchell;37
William;Gomez;12
